-- phpMyAdmin SQL Dump
-- version 4.7.9
-- https://www.phpmyadmin.net/
--
-- Servidor: 127.0.0.1
-- Tiempo de generación: 03-06-2018 a las 13:47:41
-- Versión del servidor: 10.1.31-MariaDB
-- Versión de PHP: 7.2.3

SET SQL_MODE = "NO_AUTO_VALUE_ON_ZERO";
SET AUTOCOMMIT = 0;
START TRANSACTION;
SET time_zone = "+00:00";


/*!40101 SET @OLD_CHARACTER_SET_CLIENT=@@CHARACTER_SET_CLIENT */;
/*!40101 SET @OLD_CHARACTER_SET_RESULTS=@@CHARACTER_SET_RESULTS */;
/*!40101 SET @OLD_COLLATION_CONNECTION=@@COLLATION_CONNECTION */;
/*!40101 SET NAMES utf8mb4 */;

--
-- Base de datos: `nominas`
--
CREATE DATABASE IF NOT EXISTS `nominas` /*!40100 DEFAULT CHARACTER SET utf8 */;
USE `nominas`;

-- --------------------------------------------------------

--
-- Estructura de tabla para la tabla `categorias`
--

CREATE TABLE `categorias` (
  `IdCategoria` int(11) NOT NULL,
  `NombreCategoria` varchar(75) NOT NULL DEFAULT '0',
  `SalarioBaseCategoria` double NOT NULL DEFAULT '0',
  `ComplementoCategoria` double NOT NULL DEFAULT '0'
) ENGINE=InnoDB DEFAULT CHARSET=utf8;

--
-- Volcado de datos para la tabla `categorias`
--

INSERT INTO `categorias` (`IdCategoria`, `NombreCategoria`, `SalarioBaseCategoria`, `ComplementoCategoria`) VALUES
(197, 'Operador', 12000, 1800),
(198, 'Auxiliar', 14000, 1600),
(199, 'Administrativo', 12500, 1700),
(200, 'Jefe de sección', 18000, 3000),
(201, 'Jefe división', 25000, 5000),
(202, 'Programador', 17000, 2500),
(203, 'Analista', 20000, 3500),
(204, 'Jefe de servicio', 30000, 10000),
(205, 'Limpiador', 12000, 1000),
(206, 'Cocinero', 13800, 1200),
(207, 'Cuidador', 20000, 1400),
(208, 'Ordenanza', 16000, 1100),
(209, 'Calefactor', 10500, 1000),
(210, 'Coordinador', 30000, 5000);

-- --------------------------------------------------------

--
-- Estructura de tabla para la tabla `empresas`
--

CREATE TABLE `empresas` (
  `IdEmpresa` int(11) NOT NULL,
  `Nombre` varchar(100) NOT NULL,
  `CIF` varchar(10) NOT NULL
) ENGINE=InnoDB DEFAULT CHARSET=utf8;

--
-- Volcado de datos para la tabla `empresas`
--

INSERT INTO `empresas` (`IdEmpresa`, `Nombre`, `CIF`) VALUES
(21, 'PBlankSA', 'P2492876R'),
(22, 'TecnoProyectSL', 'P2456841A'),
(23, 'Asoftware', 'P2418823C'),
(24, 'APhonSA', 'P2463928T'),
(25, 'TecnoLeonSL', 'P2472621I'),
(26, 'TecnoLeonSL', 'P2272621I');

-- --------------------------------------------------------

--
-- Estructura de tabla para la tabla `nomina`
--

CREATE TABLE `nomina` (
  `IdNomina` int(11) NOT NULL,
  `Mes` int(11) NOT NULL DEFAULT '0',
  `Anio` int(11) NOT NULL DEFAULT '0',
  `NumeroTrienios` int(11) NOT NULL DEFAULT '0',
  `ImporteTrienios` double UNSIGNED NOT NULL DEFAULT '0',
  `importeSalarioMes` double UNSIGNED NOT NULL DEFAULT '0',
  `importeComplementoMes` double UNSIGNED NOT NULL DEFAULT '0',
  `ValorProrrateo` double UNSIGNED NOT NULL DEFAULT '0',
  `brutoAnual` double UNSIGNED NOT NULL DEFAULT '0',
  `IRPF` double UNSIGNED NOT NULL DEFAULT '0',
  `ImporteIRPF` double UNSIGNED NOT NULL DEFAULT '0',
  `BaseEmpresario` double UNSIGNED NOT NULL DEFAULT '0',
  `SeguridadSocialEmpresario` double UNSIGNED NOT NULL DEFAULT '0',
  `ImporteSeguridadSocialEmpresario` double UNSIGNED NOT NULL DEFAULT '0',
  `DesempleoEmpresario` double UNSIGNED NOT NULL DEFAULT '0',
  `ImporteDesempleoEmpresario` double UNSIGNED NOT NULL DEFAULT '0',
  `FormacionEmpresario` double UNSIGNED NOT NULL DEFAULT '0',
  `ImporteFormacionEmpresario` double UNSIGNED NOT NULL DEFAULT '0',
  `AccidentesTrabajoEmpresario` double UNSIGNED NOT NULL DEFAULT '0',
  `ImporteAccidentesTrabajoEmpresario` double UNSIGNED NOT NULL DEFAULT '0',
  `FOGASAEmpresario` double UNSIGNED NOT NULL DEFAULT '0',
  `ImporteFOGASAEMpresario` double UNSIGNED NOT NULL DEFAULT '0',
  `SeguridadSocialTrabajador` double UNSIGNED NOT NULL DEFAULT '0',
  `ImporteSeguridadSocialTrabajador` double UNSIGNED NOT NULL DEFAULT '0',
  `DesempleoTrabajador` double UNSIGNED NOT NULL DEFAULT '0',
  `ImporteDesempleoTrabajador` double UNSIGNED NOT NULL DEFAULT '0',
  `FormacionTrabajador` double UNSIGNED NOT NULL DEFAULT '0',
  `ImporteFormacionTrabajador` double UNSIGNED NOT NULL DEFAULT '0',
  `BrutoNomina` double UNSIGNED NOT NULL DEFAULT '0',
  `LiquidoNomina` double UNSIGNED NOT NULL DEFAULT '0',
  `CosteTotalEmpresario` double UNSIGNED NOT NULL DEFAULT '0',
  `IdTrabajador` int(11) NOT NULL DEFAULT '0'
) ENGINE=InnoDB DEFAULT CHARSET=utf8;

--
-- Volcado de datos para la tabla `nomina`
--

INSERT INTO `nomina` (`IdNomina`, `Mes`, `Anio`, `NumeroTrienios`, `ImporteTrienios`, `importeSalarioMes`, `importeComplementoMes`, `ValorProrrateo`, `brutoAnual`, `IRPF`, `ImporteIRPF`, `BaseEmpresario`, `SeguridadSocialEmpresario`, `ImporteSeguridadSocialEmpresario`, `DesempleoEmpresario`, `ImporteDesempleoEmpresario`, `FormacionEmpresario`, `ImporteFormacionEmpresario`, `AccidentesTrabajoEmpresario`, `ImporteAccidentesTrabajoEmpresario`, `FOGASAEmpresario`, `ImporteFOGASAEMpresario`, `SeguridadSocialTrabajador`, `ImporteSeguridadSocialTrabajador`, `DesempleoTrabajador`, `ImporteDesempleoTrabajador`, `FormacionTrabajador`, `ImporteFormacionTrabajador`, `BrutoNomina`, `LiquidoNomina`, `CosteTotalEmpresario`, `IdTrabajador`) VALUES
(8, 6, 2015, 6, 83, 857.1428571428571, 128.57142857142858, 0, 14962, 8.31, 88.81015714285715, 1246.8333333333335, 23.6, 294.25266666666676, 6.7, 83.53783333333335, 0.6, 7.481, 1, 12.468333333333335, 0.2, 2.493666666666667, 4.7, 58.60116666666668, 1.6, 19.949333333333335, 0.1, 1.2468333333333335, 1068.7142857142858, 900.1067952380953, 1468.947785714286, 26),
(9, 6, 2015, 6, 83, 857.1428571428571, 128.57142857142858, 0, 14962, 8.31, 88.81015714285715, 1246.8333333333335, 0, 0, 0, 0, 0, 0, 0, 0, 0, 0, 0, 0, 0, 0, 0, 0, 1068.7142857142858, 979.9041285714286, 1068.7142857142858, 26),
(10, 6, 2015, 0, 0, 857.1428571428571, 128.57142857142858, 0, 13875, 6.12, 60.325714285714284, 1150, 23.6, 271.4, 6.7, 77.05, 0.6, 6.9, 1, 11.5, 0.2, 2.3, 4.7, 54.05, 1.6, 18.4, 0.1, 1.15, 985.7142857142857, 851.7885714285715, 1354.8642857142856, 27),
(11, 6, 2015, 0, 0, 857.1428571428571, 128.57142857142858, 0, 13875, 6.12, 60.325714285714284, 1150, 0, 0, 0, 0, 0, 0, 0, 0, 0, 0, 0, 0, 0, 0, 0, 0, 985.7142857142857, 925.3885714285714, 985.7142857142857, 27),
(12, 6, 2015, 5, 70, 1785.7142857142858, 357.14285714285717, 0, 30960, 17.38, 384.59457142857144, 2581.666666666667, 23.6, 609.2733333333334, 6.7, 172.9716666666667, 0.6, 15.490000000000002, 1, 25.81666666666667, 0.2, 5.163333333333334, 4.7, 121.33833333333335, 1.6, 41.30666666666667, 0.1, 2.581666666666667, 2212.857142857143, 1663.035904761905, 3041.5721428571433, 28),
(13, 6, 2015, 5, 70, 1785.7142857142858, 357.14285714285717, 0, 30960, 17.38, 384.59457142857144, 2581.666666666667, 0, 0, 0, 0, 0, 0, 0, 0, 0, 0, 0, 0, 0, 0, 0, 0, 2212.857142857143, 1828.2625714285716, 2212.857142857143, 28),
(14, 6, 2015, 0, 0, 1785.7142857142858, 357.14285714285717, 0, 30000, 16.96, 363.4285714285715, 2500.0000000000005, 23.6, 590.0000000000001, 6.7, 167.50000000000003, 0.6, 15.000000000000002, 1, 25.000000000000004, 0.2, 5.000000000000001, 4.7, 117.50000000000001, 1.6, 40.00000000000001, 0.1, 2.5000000000000004, 2142.857142857143, 1619.4285714285716, 2945.357142857143, 29),
(15, 6, 2015, 0, 0, 1785.7142857142858, 357.14285714285717, 0, 30000, 16.96, 363.4285714285715, 2500.0000000000005, 0, 0, 0, 0, 0, 0, 0, 0, 0, 0, 0, 0, 0, 0, 0, 0, 2142.857142857143, 1779.4285714285716, 2142.857142857143, 29),
(16, 6, 2015, 2, 25, 1785.7142857142858, 357.14285714285717, 361.30952380952385, 30350, 17.38, 439.5691666666667, 2529.166666666667, 23.6, 596.8833333333334, 6.7, 169.45416666666668, 0.6, 15.175000000000002, 1, 25.29166666666667, 0.2, 5.0583333333333345, 4.7, 118.87083333333335, 1.6, 40.466666666666676, 0.1, 2.5291666666666672, 2529.166666666667, 1927.7308333333335, 3341.029166666667, 30),
(17, 6, 2015, 1, 15, 1214.2857142857142, 178.57142857142858, 234.64285714285714, 19710, 12.08, 198.41400000000002, 1642.5, 23.6, 387.63, 6.7, 110.0475, 0.6, 9.855, 1, 16.425, 0.2, 3.285, 4.7, 77.1975, 1.6, 26.28, 0.1, 1.6425, 1642.5, 1338.966, 2169.7425, 31),
(18, 6, 2015, 5, 70, 1142.857142857143, 78.57142857142857, 0, 18080, 11.51, 148.6434285714286, 1506.6666666666667, 23.6, 355.5733333333334, 6.7, 100.94666666666667, 0.6, 9.04, 1, 15.066666666666668, 0.2, 3.0133333333333336, 4.7, 70.81333333333333, 1.6, 24.10666666666667, 0.1, 1.5066666666666668, 1291.4285714285716, 1046.3584761904763, 1775.0685714285717, 32),
(19, 6, 2015, 5, 70, 1142.857142857143, 78.57142857142857, 0, 18080, 11.51, 148.6434285714286, 1506.6666666666667, 0, 0, 0, 0, 0, 0, 0, 0, 0, 0, 0, 0, 0, 0, 0, 0, 1291.4285714285716, 1142.785142857143, 1291.4285714285716, 32),
(20, 6, 2015, 3, 45, 750, 71.42857142857143, 0, 12160, 3.3, 28.592142857142857, 1010.8333333333334, 23.6, 238.55666666666667, 6.7, 67.72583333333334, 0.6, 6.065, 1, 10.108333333333334, 0.2, 2.021666666666667, 4.7, 47.50916666666667, 1.6, 16.173333333333336, 0.1, 1.0108333333333335, 866.4285714285714, 773.1430952380953, 1190.9060714285715, 33),
(21, 6, 2015, 3, 45, 750, 71.42857142857143, 0, 12160, 3.3, 28.592142857142857, 1010.8333333333334, 0, 0, 0, 0, 0, 0, 0, 0, 0, 0, 0, 0, 0, 0, 0, 0, 866.4285714285714, 837.8364285714285, 866.4285714285714, 33),
(22, 6, 2015, 2, 25, 892.8571428571429, 121.42857142857143, 0, 14610, 8.31, 86.36464285714287, 1212.5, 23.6, 286.15, 6.7, 81.2375, 0.6, 7.275, 1, 12.125, 0.2, 2.425, 4.7, 56.9875, 1.6, 19.4, 0.1, 1.2125, 1039.2857142857142, 875.3210714285714, 1428.4982142857143, 34),
(23, 6, 2015, 2, 25, 892.8571428571429, 121.42857142857143, 0, 14610, 8.31, 86.36464285714287, 1212.5, 0, 0, 0, 0, 0, 0, 0, 0, 0, 0, 0, 0, 0, 0, 0, 0, 1039.2857142857142, 952.9210714285714, 1039.2857142857142, 34),
(24, 6, 2015, 4, 60, 2142.8571428571427, 714.2857142857143, 486.19047619047615, 40890, 20.49, 697.3429999999998, 3403.333333333333, 23.6, 803.1866666666667, 6.7, 228.0233333333333, 0.6, 20.419999999999998, 1, 34.03333333333333, 0.2, 6.806666666666667, 4.7, 159.95666666666665, 1.6, 54.45333333333333, 0.1, 3.4033333333333333, 3403.333333333333, 2488.1769999999997, 4495.803333333333, 35),
(25, 6, 2015, 4, 60, 1285.7142857142858, 214.28571428571428, 0, 21840, 13.06, 203.73600000000002, 1820, 23.6, 429.52, 6.7, 121.94, 0.6, 10.92, 1, 18.2, 0.2, 3.64, 4.7, 85.54, 1.6, 29.12, 0.1, 1.82, 1560, 1239.784, 2144.2200000000003, 36),
(26, 6, 2015, 4, 60, 1285.7142857142858, 214.28571428571428, 0, 21840, 13.06, 203.73600000000002, 1820, 0, 0, 0, 0, 0, 0, 0, 0, 0, 0, 0, 0, 0, 0, 0, 0, 1560, 1356.264, 1560, 36),
(27, 6, 2015, 6, 83, 1142.857142857143, 78.57142857142857, 217.40476190476193, 18197, 11.51, 175.16301666666666, 1521.8333333333335, 23.6, 359.1526666666667, 6.7, 101.96283333333335, 0.6, 9.131, 1, 15.218333333333335, 0.2, 3.043666666666667, 4.7, 71.52616666666668, 1.6, 24.349333333333337, 0.1, 1.5218333333333336, 1521.8333333333335, 1249.2729833333335, 2010.3418333333334, 37),
(28, 6, 2015, 4, 60, 857.1428571428571, 128.57142857142858, 174.2857142857143, 14640, 8.31, 101.382, 1220, 23.6, 287.92, 6.7, 81.74, 0.6, 7.32, 1, 12.2, 0.2, 2.44, 4.7, 57.34, 1.6, 19.52, 0.1, 1.22, 1220, 1040.538, 1611.62, 38),
(29, 6, 2015, 2, 25, 1142.857142857143, 78.57142857142857, 207.73809523809527, 17450, 10.88, 158.21333333333337, 1454.1666666666667, 23.6, 343.18333333333334, 6.7, 97.42916666666667, 0.6, 8.725, 1, 14.541666666666668, 0.2, 2.9083333333333337, 4.7, 68.34583333333335, 1.6, 23.26666666666667, 0.1, 1.4541666666666668, 1454.1666666666667, 1202.8866666666668, 1920.9541666666669, 39),
(30, 6, 2015, 4, 60, 892.8571428571429, 121.42857142857143, 0, 15040, 9.39, 100.87542857142857, 1253.3333333333333, 23.6, 295.7866666666667, 6.7, 83.97333333333334, 0.6, 7.519999999999999, 1, 12.533333333333333, 0.2, 2.5066666666666664, 4.7, 58.906666666666666, 1.6, 20.05333333333333, 0.1, 1.2533333333333332, 1074.2857142857142, 893.1969523809523, 1476.6057142857144, 40),
(31, 6, 2015, 4, 60, 892.8571428571429, 121.42857142857143, 0, 15040, 9.39, 100.87542857142857, 1253.3333333333333, 0, 0, 0, 0, 0, 0, 0, 0, 0, 0, 0, 0, 0, 0, 0, 0, 1074.2857142857142, 973.4102857142857, 1074.2857142857142, 40),
(32, 6, 2015, 4, 60, 1428.5714285714287, 250, 289.76190476190476, 24340, 14.63, 296.7451666666667, 2028.3333333333335, 23.6, 478.6866666666667, 6.7, 135.89833333333334, 0.6, 12.17, 1, 20.283333333333335, 0.2, 4.0566666666666675, 4.7, 95.33166666666668, 1.6, 32.45333333333334, 0.1, 2.0283333333333338, 2028.3333333333335, 1601.7748333333334, 2679.4283333333333, 41),
(33, 6, 2015, 3, 45, 892.8571428571429, 121.42857142857143, 176.54761904761904, 14750, 8.31, 102.69775, 1235.8333333333333, 23.6, 291.6566666666667, 6.7, 82.80083333333334, 0.6, 7.414999999999999, 1, 12.358333333333333, 0.2, 2.4716666666666667, 4.7, 58.08416666666667, 1.6, 19.773333333333333, 0.1, 1.2358333333333333, 1235.8333333333333, 1054.04225, 1632.5358333333334, 42),
(34, 6, 2015, 2, 25, 892.8571428571429, 121.42857142857143, 0, 14550, 8.31, 86.36464285714287, 1212.5, 23.6, 286.15, 6.7, 81.2375, 0.6, 7.275, 1, 12.125, 0.2, 2.425, 4.7, 56.9875, 1.6, 19.4, 0.1, 1.2125, 1039.2857142857142, 875.3210714285714, 1428.4982142857143, 43),
(35, 6, 2015, 2, 25, 892.8571428571429, 121.42857142857143, 0, 14550, 8.31, 86.36464285714287, 1212.5, 0, 0, 0, 0, 0, 0, 0, 0, 0, 0, 0, 0, 0, 0, 0, 0, 1039.2857142857142, 952.9210714285714, 1039.2857142857142, 43),
(36, 6, 2015, 6, 83, 1000, 114.28571428571429, 0, 16736, 10.18, 121.88368571428572, 1396.8333333333333, 23.6, 329.6526666666667, 6.7, 93.58783333333332, 0.6, 8.380999999999998, 1, 13.968333333333332, 0.2, 2.7936666666666667, 4.7, 65.65116666666667, 1.6, 22.349333333333334, 0.1, 1.3968333333333334, 1197.2857142857142, 986.0046952380951, 1645.6692142857141, 44),
(37, 6, 2015, 6, 83, 1000, 114.28571428571429, 0, 16736, 10.18, 121.88368571428572, 1396.8333333333333, 0, 0, 0, 0, 0, 0, 0, 0, 0, 0, 0, 0, 0, 0, 0, 0, 1197.2857142857142, 1075.4020285714284, 1197.2857142857142, 44),
(38, 6, 2015, 2, 25, 857.1428571428571, 71.42857142857143, 158.92857142857142, 13350, 6.12, 68.085, 1112.5, 23.6, 262.55, 6.7, 74.5375, 0.6, 6.675, 1, 11.125, 0.2, 2.225, 4.7, 52.2875, 1.6, 17.8, 0.1, 1.1125, 1112.5, 973.215, 1469.6125, 45),
(39, 6, 2015, 2, 25, 857.1428571428571, 71.42857142857143, 0, 13350, 6.12, 58.35857142857143, 1112.5, 23.6, 262.55, 6.7, 74.5375, 0.6, 6.675, 1, 11.125, 0.2, 2.225, 4.7, 52.2875, 1.6, 17.8, 0.1, 1.1125, 953.5714285714286, 824.0128571428571, 1310.6839285714286, 46),
(40, 6, 2015, 2, 25, 857.1428571428571, 71.42857142857143, 0, 13350, 6.12, 58.35857142857143, 1112.5, 0, 0, 0, 0, 0, 0, 0, 0, 0, 0, 0, 0, 0, 0, 0, 0, 953.5714285714286, 895.2128571428572, 953.5714285714286, 46),
(41, 6, 2015, 0, 0, 1000, 114.28571428571429, 0, 15690, 9.39, 104.63142857142857, 1300, 23.6, 306.8, 6.7, 87.1, 0.6, 7.8, 1, 13, 0.2, 2.6, 4.7, 61.1, 1.6, 20.8, 0.1, 1.3, 1114.2857142857142, 926.4542857142857, 1531.5857142857142, 47),
(42, 6, 2015, 0, 0, 1000, 114.28571428571429, 0, 15690, 9.39, 104.63142857142857, 1300, 0, 0, 0, 0, 0, 0, 0, 0, 0, 0, 0, 0, 0, 0, 0, 0, 1114.2857142857142, 1009.6542857142856, 1114.2857142857142, 47),
(43, 6, 2015, 3, 45, 892.8571428571429, 121.42857142857143, 0, 14830, 8.31, 88.02664285714285, 1235.8333333333333, 23.6, 291.6566666666667, 6.7, 82.80083333333334, 0.6, 7.414999999999999, 1, 12.358333333333333, 0.2, 2.4716666666666667, 4.7, 58.08416666666667, 1.6, 19.773333333333333, 0.1, 1.2358333333333333, 1059.2857142857142, 892.1657380952381, 1455.9882142857143, 48),
(44, 6, 2015, 3, 45, 892.8571428571429, 121.42857142857143, 0, 14830, 8.31, 88.02664285714285, 1235.8333333333333, 0, 0, 0, 0, 0, 0, 0, 0, 0, 0, 0, 0, 0, 0, 0, 0, 1059.2857142857142, 971.2590714285714, 1059.2857142857142, 48),
(45, 6, 2015, 0, 0, 857.1428571428571, 128.57142857142858, 164.28571428571428, 13800, 6.12, 70.38, 1150, 23.6, 271.4, 6.7, 77.05, 0.6, 6.9, 1, 11.5, 0.2, 2.3, 4.7, 54.05, 1.6, 18.4, 0.1, 1.15, 1150, 1006.02, 1519.15, 49),
(46, 6, 2015, 0, 0, 1000, 114.28571428571429, 185.7142857142857, 15600, 9.39, 122.07, 1300, 23.6, 306.8, 6.7, 87.1, 0.6, 7.8, 1, 13, 0.2, 2.6, 4.7, 61.1, 1.6, 20.8, 0.1, 1.3, 1300, 1094.73, 1717.3, 50),
(47, 6, 2015, 6, 83, 750, 71.42857142857143, 150.73809523809524, 12623, 3.3, 34.820499999999996, 1055.1666666666667, 23.6, 249.01933333333338, 6.7, 70.69616666666667, 0.6, 6.331, 1, 10.551666666666668, 0.2, 2.1103333333333336, 4.7, 49.59283333333334, 1.6, 16.88266666666667, 0.1, 1.0551666666666668, 1055.1666666666665, 952.8154999999998, 1393.8751666666667, 51),
(48, 6, 2015, 0, 0, 892.8571428571429, 121.42857142857143, 169.04761904761907, 14245, 8.31, 98.335, 1183.3333333333335, 23.6, 279.2666666666667, 6.7, 79.28333333333335, 0.6, 7.100000000000001, 1, 11.833333333333336, 0.2, 2.366666666666667, 4.7, 55.61666666666668, 1.6, 18.933333333333337, 0.1, 1.1833333333333336, 1183.3333333333333, 1009.2649999999999, 1563.1833333333334, 52),
(49, 6, 2015, 1, 15, 892.8571428571429, 121.42857142857143, 0, 14410, 8.31, 85.53364285714287, 1200.8333333333333, 23.6, 283.3966666666667, 6.7, 80.45583333333333, 0.6, 7.204999999999999, 1, 12.008333333333333, 0.2, 2.4016666666666664, 4.7, 56.43916666666667, 1.6, 19.21333333333333, 0.1, 1.2008333333333332, 1029.2857142857142, 866.8987380952381, 1414.7532142857142, 53),
(50, 6, 2015, 1, 15, 892.8571428571429, 121.42857142857143, 0, 14410, 8.31, 85.53364285714287, 1200.8333333333333, 0, 0, 0, 0, 0, 0, 0, 0, 0, 0, 0, 0, 0, 0, 0, 0, 1029.2857142857142, 943.7520714285713, 1029.2857142857142, 53),
(51, 6, 2015, 1, 15, 857.1428571428571, 128.57142857142858, 166.78571428571428, 14070, 8.31, 97.01925000000001, 1167.5, 23.6, 275.53, 6.7, 78.2225, 0.6, 7.005, 1, 11.675, 0.2, 2.335, 4.7, 54.8725, 1.6, 18.68, 0.1, 1.1675, 1167.5, 995.7607499999999, 1542.2675, 54),
(52, 6, 2015, 5, 70, 892.8571428571429, 121.42857142857143, 180.7142857142857, 15180, 9.39, 118.7835, 1265, 23.6, 298.54, 6.7, 84.755, 0.6, 7.59, 1, 12.65, 0.2, 2.53, 4.7, 59.455, 1.6, 20.24, 0.1, 1.265, 1265, 1065.2565, 1671.065, 55),
(53, 6, 2015, 6, 83, 1214.2857142857142, 178.57142857142858, 0, 20662, 12.6, 185.958, 1721.8333333333335, 23.6, 406.3526666666667, 6.7, 115.36283333333334, 0.6, 10.331000000000001, 1, 17.218333333333334, 0.2, 3.443666666666667, 4.7, 80.92616666666667, 1.6, 27.549333333333337, 0.1, 1.7218333333333335, 1475.857142857143, 1179.7018095238095, 2028.5656428571428, 56),
(54, 6, 2015, 6, 83, 1214.2857142857142, 178.57142857142858, 0, 20662, 12.6, 185.958, 1721.8333333333335, 0, 0, 0, 0, 0, 0, 0, 0, 0, 0, 0, 0, 0, 0, 0, 0, 1475.857142857143, 1289.8991428571428, 1475.857142857143, 56),
(55, 6, 2015, 0, 0, 985.7142857142857, 85.71428571428571, 0, 13571.428571428572, 6.12, 65.57142857142857, 1250, 23.6, 295, 6.7, 83.75, 0.6, 7.5, 1, 12.5, 0.2, 2.5, 4.7, 58.75, 1.6, 20, 0.1, 1.25, 1071.4285714285713, 925.8571428571428, 1472.6785714285713, 57),
(56, 6, 2015, 0, 0, 985.7142857142857, 85.71428571428571, 0, 13571.428571428572, 6.12, 43.714285714285715, 1250, 0, 0, 0, 0, 0, 0, 0, 0, 0, 0, 0, 0, 0, 0, 0, 0, 1071.4285714285713, 670.5714285714286, 714.2857142857142, 57),
(57, 6, 2015, 2, 25, 857.1428571428571, 71.42857142857143, 0, 13350, 6.12, 58.35857142857143, 1112.5, 23.6, 262.55, 6.7, 74.5375, 0.6, 6.675, 1, 11.125, 0.2, 2.225, 4.7, 52.2875, 1.6, 17.8, 0.1, 1.1125, 953.5714285714286, 824.0128571428571, 1310.6839285714286, 58),
(58, 6, 2015, 2, 25, 857.1428571428571, 71.42857142857143, 0, 13350, 6.12, 58.35857142857143, 1112.5, 0, 0, 0, 0, 0, 0, 0, 0, 0, 0, 0, 0, 0, 0, 0, 0, 953.5714285714286, 895.2128571428572, 953.5714285714286, 58),
(59, 6, 2015, 1, 15, 1785.7142857142858, 357.14285714285717, 359.64285714285717, 30210, 17.38, 437.5415000000001, 2517.5000000000005, 23.6, 594.1300000000001, 6.7, 168.67250000000004, 0.6, 15.105000000000002, 1, 25.175000000000004, 0.2, 5.035000000000001, 4.7, 118.32250000000002, 1.6, 40.28000000000001, 0.1, 2.5175000000000005, 2517.5000000000005, 1918.8385000000003, 3325.6175000000003, 59),
(60, 6, 2015, 1, 15, 1214.2857142857142, 178.57142857142858, 234.64285714285714, 19710, 12.08, 198.41400000000002, 1642.5, 23.6, 387.63, 6.7, 110.0475, 0.6, 9.855, 1, 16.425, 0.2, 3.285, 4.7, 77.1975, 1.6, 26.28, 0.1, 1.6425, 1642.5, 1338.966, 2169.7425, 60),
(61, 6, 2015, 1, 15, 1142.857142857143, 78.57142857142857, 0, 17235, 10.88, 134.52342857142858, 1442.5000000000002, 23.6, 340.43000000000006, 6.7, 96.64750000000002, 0.6, 8.655000000000001, 1, 14.425000000000002, 0.2, 2.8850000000000007, 4.7, 67.79750000000001, 1.6, 23.080000000000005, 0.1, 1.4425000000000003, 1236.4285714285716, 1009.585142857143, 1699.4710714285716, 61),
(62, 6, 2015, 1, 15, 1142.857142857143, 78.57142857142857, 0, 17235, 10.88, 134.52342857142858, 1442.5000000000002, 0, 0, 0, 0, 0, 0, 0, 0, 0, 0, 0, 0, 0, 0, 0, 0, 1236.4285714285716, 1101.905142857143, 1236.4285714285716, 61),
(63, 6, 2015, 1, 15, 857.1428571428571, 71.42857142857143, 157.26190476190476, 13210, 6.12, 67.371, 1100.8333333333333, 23.6, 259.7966666666667, 6.7, 73.75583333333333, 0.6, 6.604999999999999, 1, 11.008333333333333, 0.2, 2.2016666666666667, 4.7, 51.73916666666666, 1.6, 17.613333333333333, 0.1, 1.1008333333333333, 1100.8333333333333, 963.009, 1454.2008333333333, 62),
(64, 6, 2015, 1, 15, 857.1428571428571, 128.57142857142858, 0, 14050, 8.31, 83.15935714285715, 1167.5, 23.6, 275.53, 6.7, 78.2225, 0.6, 7.005, 1, 11.675, 0.2, 2.335, 4.7, 54.8725, 1.6, 18.68, 0.1, 1.1675, 1000.7142857142857, 842.8349285714285, 1375.4817857142857, 63),
(65, 6, 2015, 1, 15, 857.1428571428571, 128.57142857142858, 0, 14050, 8.31, 83.15935714285715, 1167.5, 0, 0, 0, 0, 0, 0, 0, 0, 0, 0, 0, 0, 0, 0, 0, 0, 1000.7142857142857, 917.5549285714285, 1000.7142857142857, 63),
(66, 6, 2015, 0, 0, 1142.857142857143, 78.57142857142857, 203.57142857142858, 17100, 10.88, 155.04000000000005, 1425.0000000000002, 23.6, 336.30000000000007, 6.7, 95.47500000000002, 0.6, 8.55, 1, 14.250000000000002, 0.2, 2.8500000000000005, 4.7, 66.97500000000001, 1.6, 22.800000000000004, 0.1, 1.4250000000000003, 1425.0000000000002, 1178.7600000000002, 1882.4250000000004, 64),
(67, 6, 2015, 1, 15, 857.1428571428571, 128.57142857142858, 0, 14010, 8.31, 83.15935714285715, 1167.5, 23.6, 275.53, 6.7, 78.2225, 0.6, 7.005, 1, 11.675, 0.2, 2.335, 4.7, 54.8725, 1.6, 18.68, 0.1, 1.1675, 1000.7142857142857, 842.8349285714285, 1375.4817857142857, 65),
(68, 6, 2015, 1, 15, 857.1428571428571, 128.57142857142858, 0, 14010, 8.31, 83.15935714285715, 1167.5, 0, 0, 0, 0, 0, 0, 0, 0, 0, 0, 0, 0, 0, 0, 0, 0, 1000.7142857142857, 917.5549285714285, 1000.7142857142857, 65),
(69, 6, 2015, 2, 25, 2142.8571428571427, 357.14285714285717, 420.8333333333333, 35310, 18.94, 557.9408333333334, 2945.8333333333335, 23.6, 695.2166666666667, 6.7, 197.37083333333337, 0.6, 17.675, 1, 29.458333333333336, 0.2, 5.8916666666666675, 4.7, 138.45416666666668, 1.6, 47.13333333333334, 0.1, 2.9458333333333337, 2945.8333333333335, 2199.3591666666666, 3891.4458333333337, 66),
(70, 6, 2015, 4, 60, 1000, 114.28571428571429, 195.7142857142857, 16440, 10.18, 139.466, 1370, 23.6, 323.32000000000005, 6.7, 91.79, 0.6, 8.22, 1, 13.7, 0.2, 2.74, 4.7, 64.39, 1.6, 21.92, 0.1, 1.37, 1370, 1142.854, 1809.77, 67),
(71, 6, 2015, 3, 45, 1214.2857142857142, 178.57142857142858, 239.64285714285714, 20130, 12.6, 211.365, 1677.5, 23.6, 395.89, 6.7, 112.3925, 0.6, 10.065, 1, 16.775, 0.2, 3.355, 4.7, 78.8425, 1.6, 26.84, 0.1, 1.6775, 1677.5, 1358.775, 2215.9775, 68),
(72, 6, 2015, 4, 60, 857.1428571428571, 128.57142857142858, 0, 14640, 8.31, 86.89885714285715, 1220, 23.6, 287.92, 6.7, 81.74, 0.6, 7.32, 1, 12.2, 0.2, 2.44, 4.7, 57.34, 1.6, 19.52, 0.1, 1.22, 1045.7142857142858, 880.7354285714287, 1437.3342857142857, 69),
(73, 6, 2015, 4, 60, 857.1428571428571, 128.57142857142858, 0, 14640, 8.31, 86.89885714285715, 1220, 0, 0, 0, 0, 0, 0, 0, 0, 0, 0, 0, 0, 0, 0, 0, 0, 1045.7142857142858, 958.8154285714286, 1045.7142857142858, 69),
(74, 6, 2015, 0, 0, 857.1428571428571, 71.42857142857143, 154.76190476190476, 13000, 3.3, 35.74999999999999, 1083.3333333333333, 23.6, 255.66666666666669, 6.7, 72.58333333333333, 0.6, 6.499999999999999, 1, 10.833333333333332, 0.2, 2.1666666666666665, 4.7, 50.91666666666666, 1.6, 17.333333333333332, 0.1, 1.0833333333333333, 1083.3333333333333, 978.25, 1431.0833333333333, 70),
(75, 6, 2015, 1, 15, 1214.2857142857142, 178.57142857142858, 234.64285714285714, 19710, 12.08, 198.41400000000002, 1642.5, 23.6, 387.63, 6.7, 110.0475, 0.6, 9.855, 1, 16.425, 0.2, 3.285, 4.7, 77.1975, 1.6, 26.28, 0.1, 1.6425, 1642.5, 1338.966, 2169.7425, 71),
(76, 6, 2015, 2, 25, 1428.5714285714287, 100, 258.92857142857144, 21740, 13.06, 236.7125, 1812.5, 23.6, 427.75, 6.7, 121.4375, 0.6, 10.875, 1, 18.125, 0.2, 3.625, 4.7, 85.1875, 1.6, 29, 0.1, 1.8125, 1812.5, 1459.7875, 2394.3125, 72),
(77, 6, 2015, 1, 15, 1285.7142857142858, 214.28571428571428, 252.5, 21210, 13.06, 230.8355, 1767.5, 23.6, 417.13, 6.7, 118.4225, 0.6, 10.605, 1, 17.675, 0.2, 3.535, 4.7, 83.0725, 1.6, 28.28, 0.1, 1.7675, 1767.5, 1423.5445, 2334.8675, 73),
(78, 6, 2015, 4, 60, 1214.2857142857142, 178.57142857142858, 0, 20340, 12.6, 183.06, 1695, 23.6, 400.02, 6.7, 113.565, 0.6, 10.17, 1, 16.95, 0.2, 3.39, 4.7, 79.665, 1.6, 27.12, 0.1, 1.695, 1452.857142857143, 1161.317142857143, 1996.952142857143, 74),
(79, 6, 2015, 4, 60, 1214.2857142857142, 178.57142857142858, 0, 20340, 12.6, 183.06, 1695, 0, 0, 0, 0, 0, 0, 0, 0, 0, 0, 0, 0, 0, 0, 0, 0, 1452.857142857143, 1269.797142857143, 1452.857142857143, 74),
(80, 6, 2015, 2, 25, 1142.857142857143, 78.57142857142857, 0, 17450, 10.88, 135.61142857142858, 1454.1666666666667, 23.6, 343.18333333333334, 6.7, 97.42916666666667, 0.6, 8.725, 1, 14.541666666666668, 0.2, 2.9083333333333337, 4.7, 68.34583333333335, 1.6, 23.26666666666667, 0.1, 1.4541666666666668, 1246.4285714285716, 1017.7504761904763, 1713.2160714285717, 75),
(81, 6, 2015, 2, 25, 1142.857142857143, 78.57142857142857, 0, 17450, 10.88, 135.61142857142858, 1454.1666666666667, 0, 0, 0, 0, 0, 0, 0, 0, 0, 0, 0, 0, 0, 0, 0, 0, 1246.4285714285716, 1110.817142857143, 1246.4285714285716, 75),
(82, 6, 2015, 4, 60, 1428.5714285714287, 250, 289.76190476190476, 24340, 14.63, 296.7451666666667, 2028.3333333333335, 23.6, 478.6866666666667, 6.7, 135.89833333333334, 0.6, 12.17, 1, 20.283333333333335, 0.2, 4.0566666666666675, 4.7, 95.33166666666668, 1.6, 32.45333333333334, 0.1, 2.0283333333333338, 2028.3333333333335, 1601.7748333333334, 2679.4283333333333, 76),
(83, 6, 2015, 0, 0, 1428.5714285714287, 250, 0, 23500, 14.05, 235.83928571428572, 1958.3333333333335, 23.6, 462.16666666666674, 6.7, 131.20833333333334, 0.6, 11.75, 1, 19.583333333333336, 0.2, 3.9166666666666674, 4.7, 92.04166666666669, 1.6, 31.33333333333334, 0.1, 1.9583333333333337, 1678.5714285714287, 1317.3988095238096, 2307.196428571429, 77),
(84, 6, 2015, 0, 0, 1428.5714285714287, 250, 0, 23500, 14.05, 235.83928571428572, 1958.3333333333335, 0, 0, 0, 0, 0, 0, 0, 0, 0, 0, 0, 0, 0, 0, 0, 0, 1678.5714285714287, 1442.732142857143, 1678.5714285714287, 77),
(85, 6, 2015, 2, 25, 857.1428571428571, 128.57142857142858, 168.45238095238093, 14120, 8.31, 97.98875000000002, 1179.1666666666665, 23.6, 278.2833333333333, 6.7, 79.00416666666666, 0.6, 7.074999999999999, 1, 11.791666666666664, 0.2, 2.358333333333333, 4.7, 55.42083333333333, 1.6, 18.866666666666664, 0.1, 1.1791666666666665, 1179.1666666666667, 1005.7112500000001, 1557.6791666666668, 78),
(86, 6, 2015, 4, 60, 857.1428571428571, 128.57142857142858, 0, 14700, 8.31, 86.89885714285715, 1220, 23.6, 287.92, 6.7, 81.74, 0.6, 7.32, 1, 12.2, 0.2, 2.44, 4.7, 57.34, 1.6, 19.52, 0.1, 1.22, 1045.7142857142858, 880.7354285714287, 1437.3342857142857, 79),
(87, 6, 2015, 4, 60, 857.1428571428571, 128.57142857142858, 0, 14700, 8.31, 86.89885714285715, 1220, 0, 0, 0, 0, 0, 0, 0, 0, 0, 0, 0, 0, 0, 0, 0, 0, 1045.7142857142858, 958.8154285714286, 1045.7142857142858, 79),
(88, 6, 2015, 1, 15, 1214.2857142857142, 178.57142857142858, 0, 19770, 12.08, 170.06914285714288, 1642.5, 23.6, 387.63, 6.7, 110.0475, 0.6, 9.855, 1, 16.425, 0.2, 3.285, 4.7, 77.1975, 1.6, 26.28, 0.1, 1.6425, 1407.857142857143, 1132.6680000000001, 1935.099642857143, 80),
(89, 6, 2015, 1, 15, 1214.2857142857142, 178.57142857142858, 0, 19770, 12.08, 170.06914285714288, 1642.5, 0, 0, 0, 0, 0, 0, 0, 0, 0, 0, 0, 0, 0, 0, 0, 0, 1407.857142857143, 1237.788, 1407.857142857143, 80),
(90, 6, 2015, 4, 60, 1142.857142857143, 78.57142857142857, 0, 17940, 10.88, 139.4194285714286, 1495.0000000000002, 23.6, 352.82000000000005, 6.7, 100.16500000000002, 0.6, 8.97, 1, 14.950000000000003, 0.2, 2.9900000000000007, 4.7, 70.26500000000001, 1.6, 23.920000000000005, 0.1, 1.4950000000000003, 1281.4285714285716, 1046.3291428571429, 1761.3235714285715, 81),
(91, 6, 2015, 4, 60, 1142.857142857143, 78.57142857142857, 0, 17940, 10.88, 139.4194285714286, 1495.0000000000002, 0, 0, 0, 0, 0, 0, 0, 0, 0, 0, 0, 0, 0, 0, 0, 0, 1281.4285714285716, 1142.009142857143, 1281.4285714285716, 81),
(92, 6, 2015, 5, 70, 1214.2857142857142, 178.57142857142858, 243.80952380952382, 20480, 12.6, 215.04, 1706.6666666666667, 23.6, 402.77333333333337, 6.7, 114.34666666666668, 0.6, 10.24, 1, 17.066666666666666, 0.2, 3.4133333333333336, 4.7, 80.21333333333334, 1.6, 27.30666666666667, 0.1, 1.7066666666666668, 1706.6666666666667, 1382.4, 2254.5066666666667, 82),
(93, 6, 2015, 0, 0, 857.1428571428571, 128.57142857142858, 164.28571428571428, 13800, 6.12, 70.38, 1150, 23.6, 271.4, 6.7, 77.05, 0.6, 6.9, 1, 11.5, 0.2, 2.3, 4.7, 54.05, 1.6, 18.4, 0.1, 1.15, 1150, 1006.02, 1519.15, 83),
(94, 6, 2015, 6, 83, 1214.2857142857142, 178.57142857142858, 245.97619047619048, 20662, 12.6, 216.951, 1721.8333333333335, 23.6, 406.3526666666667, 6.7, 115.36283333333334, 0.6, 10.331000000000001, 1, 17.218333333333334, 0.2, 3.443666666666667, 4.7, 80.92616666666667, 1.6, 27.549333333333337, 0.1, 1.7218333333333335, 1721.8333333333333, 1394.685, 2274.541833333333, 84),
(95, 6, 2015, 4, 60, 1428.5714285714287, 100, 0, 22240, 13.49, 214.29828571428573, 1853.3333333333335, 23.6, 437.3866666666667, 6.7, 124.17333333333335, 0.6, 11.12, 1, 18.533333333333335, 0.2, 3.7066666666666674, 4.7, 87.10666666666668, 1.6, 29.65333333333334, 0.1, 1.8533333333333337, 1588.5714285714287, 1255.6598095238096, 2183.4914285714285, 85),
(96, 6, 2015, 4, 60, 1428.5714285714287, 100, 0, 22240, 13.49, 214.29828571428573, 1853.3333333333335, 0, 0, 0, 0, 0, 0, 0, 0, 0, 0, 0, 0, 0, 0, 0, 0, 1588.5714285714287, 1374.2731428571428, 1588.5714285714287, 85),
(97, 6, 2015, 5, 70, 985.7142857142857, 85.71428571428571, 190.2380952380952, 15970, 9.39, 125.04350000000002, 1331.6666666666665, 23.6, 314.2733333333333, 6.7, 89.22166666666666, 0.6, 7.989999999999998, 1, 13.316666666666665, 0.2, 2.663333333333333, 4.7, 62.58833333333333, 1.6, 21.306666666666665, 0.1, 1.3316666666666666, 1331.6666666666667, 1121.3965, 1759.1316666666667, 86),
(98, 6, 2015, 3, 45, 1428.5714285714287, 250, 0, 24130, 14.63, 252.15850000000003, 2010.8333333333335, 23.6, 474.55666666666673, 6.7, 134.72583333333333, 0.6, 12.065, 1, 20.108333333333334, 0.2, 4.021666666666667, 4.7, 94.50916666666667, 1.6, 32.17333333333334, 0.1, 2.0108333333333337, 1723.5714285714287, 1342.7195952380953, 2369.048928571429, 87),
(99, 6, 2015, 3, 45, 1428.5714285714287, 250, 0, 24130, 14.63, 252.15850000000003, 2010.8333333333335, 0, 0, 0, 0, 0, 0, 0, 0, 0, 0, 0, 0, 0, 0, 0, 0, 1723.5714285714287, 1471.4129285714287, 1723.5714285714287, 87),
(100, 6, 2015, 2, 25, 892.8571428571429, 121.42857142857143, 173.2142857142857, 14530, 8.31, 100.75875, 1212.5, 23.6, 286.15, 6.7, 81.2375, 0.6, 7.275, 1, 12.125, 0.2, 2.425, 4.7, 56.9875, 1.6, 19.4, 0.1, 1.2125, 1212.5, 1034.1412500000001, 1601.7125, 88),
(101, 6, 2015, 0, 0, 985.7142857142857, 85.71428571428571, 178.57142857142856, 12321.42857142857, 3.3, 41.25, 1250, 23.6, 295, 6.7, 83.75, 0.6, 7.5, 1, 12.5, 0.2, 2.5, 4.7, 58.75, 1.6, 20, 0.1, 1.25, 1250, 1128.75, 1651.25, 89),
(102, 6, 2015, 1, 15, 2142.8571428571427, 357.14285714285717, 0, 35230, 18.94, 476.34100000000007, 2934.1666666666665, 23.6, 692.4633333333333, 6.7, 196.58916666666667, 0.6, 17.604999999999997, 1, 29.341666666666665, 0.2, 5.868333333333334, 4.7, 137.90583333333333, 1.6, 46.94666666666667, 0.1, 2.934166666666667, 2515, 1850.8723333333332, 3456.8675, 90),
(103, 6, 2015, 1, 15, 2142.8571428571427, 357.14285714285717, 0, 35230, 18.94, 476.34100000000007, 2934.1666666666665, 0, 0, 0, 0, 0, 0, 0, 0, 0, 0, 0, 0, 0, 0, 0, 0, 2515, 2038.6589999999999, 2515, 90),
(104, 6, 2015, 3, 45, 1000, 114.28571428571429, 0, 16130, 10.18, 118.01528571428571, 1352.5, 23.6, 319.19000000000005, 6.7, 90.6175, 0.6, 8.115, 1, 13.525, 0.2, 2.705, 4.7, 63.5675, 1.6, 21.64, 0.1, 1.3525, 1159.2857142857142, 954.7104285714286, 1593.4382142857144, 91),
(105, 6, 2015, 3, 45, 1000, 114.28571428571429, 0, 16130, 10.18, 118.01528571428571, 1352.5, 0, 0, 0, 0, 0, 0, 0, 0, 0, 0, 0, 0, 0, 0, 0, 0, 1159.2857142857142, 1041.2704285714285, 1159.2857142857142, 91),
(106, 6, 2015, 3, 45, 1428.5714285714287, 250, 0, 24130, 14.63, 252.15850000000003, 2010.8333333333335, 23.6, 474.55666666666673, 6.7, 134.72583333333333, 0.6, 12.065, 1, 20.108333333333334, 0.2, 4.021666666666667, 4.7, 94.50916666666667, 1.6, 32.17333333333334, 0.1, 2.0108333333333337, 1723.5714285714287, 1342.7195952380953, 2369.048928571429, 92),
(107, 6, 2015, 3, 45, 1428.5714285714287, 250, 0, 24130, 14.63, 252.15850000000003, 2010.8333333333335, 0, 0, 0, 0, 0, 0, 0, 0, 0, 0, 0, 0, 0, 0, 0, 0, 1723.5714285714287, 1471.4129285714287, 1723.5714285714287, 92),
(108, 6, 2015, 3, 45, 857.1428571428571, 128.57142857142858, 0, 14410, 8.31, 85.65235714285714, 1202.5, 23.6, 283.79, 6.7, 80.5675, 0.6, 7.215, 1, 12.025, 0.2, 2.405, 4.7, 56.5175, 1.6, 19.24, 0.1, 1.2025, 1030.7142857142858, 868.1019285714286, 1416.7167857142858, 93),
(109, 6, 2015, 3, 45, 857.1428571428571, 128.57142857142858, 0, 14410, 8.31, 85.65235714285714, 1202.5, 0, 0, 0, 0, 0, 0, 0, 0, 0, 0, 0, 0, 0, 0, 0, 0, 1030.7142857142858, 945.0619285714287, 1030.7142857142858, 93),
(110, 6, 2015, 3, 45, 1000, 114.28571428571429, 0, 16230, 10.18, 118.01528571428571, 1352.5, 23.6, 319.19000000000005, 6.7, 90.6175, 0.6, 8.115, 1, 13.525, 0.2, 2.705, 4.7, 63.5675, 1.6, 21.64, 0.1, 1.3525, 1159.2857142857142, 954.7104285714286, 1593.4382142857144, 94),
(111, 6, 2015, 3, 45, 1000, 114.28571428571429, 0, 16230, 10.18, 118.01528571428571, 1352.5, 0, 0, 0, 0, 0, 0, 0, 0, 0, 0, 0, 0, 0, 0, 0, 0, 1159.2857142857142, 1041.2704285714285, 1159.2857142857142, 94),
(112, 6, 2015, 2, 25, 1214.2857142857142, 178.57142857142858, 236.30952380952382, 19850, 12.08, 199.82333333333335, 1654.1666666666667, 23.6, 390.3833333333334, 6.7, 110.82916666666668, 0.6, 9.925, 1, 16.541666666666668, 0.2, 3.3083333333333336, 4.7, 77.74583333333334, 1.6, 26.46666666666667, 0.1, 1.6541666666666668, 1654.1666666666667, 1348.4766666666667, 2185.1541666666667, 95),
(113, 6, 2015, 1, 15, 857.1428571428571, 71.42857142857143, 0, 13240, 6.12, 57.746571428571436, 1100.8333333333333, 23.6, 259.7966666666667, 6.7, 73.75583333333333, 0.6, 6.604999999999999, 1, 11.008333333333333, 0.2, 2.2016666666666667, 4.7, 51.73916666666666, 1.6, 17.613333333333333, 0.1, 1.1008333333333333, 943.5714285714286, 815.3715238095238, 1296.9389285714285, 96),
(114, 6, 2015, 1, 15, 857.1428571428571, 71.42857142857143, 0, 13240, 6.12, 57.746571428571436, 1100.8333333333333, 0, 0, 0, 0, 0, 0, 0, 0, 0, 0, 0, 0, 0, 0, 0, 0, 943.5714285714286, 885.8248571428571, 943.5714285714286, 96),
(115, 6, 2015, 2, 25, 2142.8571428571427, 357.14285714285717, 420.8333333333333, 35430, 18.94, 557.9408333333334, 2945.8333333333335, 23.6, 695.2166666666667, 6.7, 197.37083333333337, 0.6, 17.675, 1, 29.458333333333336, 0.2, 5.8916666666666675, 4.7, 138.45416666666668, 1.6, 47.13333333333334, 0.1, 2.9458333333333337, 2945.8333333333335, 2199.3591666666666, 3891.4458333333337, 97),
(116, 6, 2015, 0, 0, 2142.8571428571427, 357.14285714285717, 0, 35000, 18.63, 465.75, 2916.6666666666665, 23.6, 688.3333333333333, 6.7, 195.41666666666669, 0.6, 17.499999999999996, 1, 29.166666666666664, 0.2, 5.833333333333334, 4.7, 137.08333333333334, 1.6, 46.66666666666667, 0.1, 2.916666666666667, 2500, 1847.5833333333335, 3436.25, 98),
(117, 6, 2015, 0, 0, 2142.8571428571427, 357.14285714285717, 0, 35000, 18.63, 465.75, 2916.6666666666665, 0, 0, 0, 0, 0, 0, 0, 0, 0, 0, 0, 0, 0, 0, 0, 0, 2500, 2034.25, 2500, 98),
(118, 6, 2015, 0, 0, 1285.7142857142858, 214.28571428571428, 0, 21000, 12.6, 189, 1750, 23.6, 413, 6.7, 117.25, 0.6, 10.5, 1, 17.5, 0.2, 3.5, 4.7, 82.25, 1.6, 28, 0.1, 1.75, 1500, 1199, 2061.75, 99),
(119, 6, 2015, 0, 0, 1285.7142857142858, 214.28571428571428, 0, 21000, 12.6, 189, 1750, 0, 0, 0, 0, 0, 0, 0, 0, 0, 0, 0, 0, 0, 0, 0, 0, 1500, 1311, 1500, 99),
(120, 6, 2015, 1, 15, 1142.857142857143, 78.57142857142857, 0, 17340, 10.88, 134.52342857142858, 1442.5000000000002, 23.6, 340.43000000000006, 6.7, 96.64750000000002, 0.6, 8.655000000000001, 1, 14.425000000000002, 0.2, 2.8850000000000007, 4.7, 67.79750000000001, 1.6, 23.080000000000005, 0.1, 1.4425000000000003, 1236.4285714285716, 1009.585142857143, 1699.4710714285716, 100),
(121, 6, 2015, 1, 15, 1142.857142857143, 78.57142857142857, 0, 17340, 10.88, 134.52342857142858, 1442.5000000000002, 0, 0, 0, 0, 0, 0, 0, 0, 0, 0, 0, 0, 0, 0, 0, 0, 1236.4285714285716, 1101.905142857143, 1236.4285714285716, 100),
(122, 6, 2015, 2, 25, 1214.2857142857142, 178.57142857142858, 0, 19850, 12.08, 171.27714285714285, 1654.1666666666667, 23.6, 390.3833333333334, 6.7, 110.82916666666668, 0.6, 9.925, 1, 16.541666666666668, 0.2, 3.3083333333333336, 4.7, 77.74583333333334, 1.6, 26.46666666666667, 0.1, 1.6541666666666668, 1417.857142857143, 1140.7133333333334, 1948.8446428571428, 101),
(123, 6, 2015, 2, 25, 1214.2857142857142, 178.57142857142858, 0, 19850, 12.08, 171.27714285714285, 1654.1666666666667, 0, 0, 0, 0, 0, 0, 0, 0, 0, 0, 0, 0, 0, 0, 0, 0, 1417.857142857143, 1246.58, 1417.857142857143, 101),
(124, 6, 2015, 4, 60, 1000, 114.28571428571429, 195.7142857142857, 16440, 10.18, 139.466, 1370, 23.6, 323.32000000000005, 6.7, 91.79, 0.6, 8.22, 1, 13.7, 0.2, 2.74, 4.7, 64.39, 1.6, 21.92, 0.1, 1.37, 1370, 1142.854, 1809.77, 102),
(125, 6, 2015, 3, 45, 1214.2857142857142, 178.57142857142858, 239.64285714285714, 20050, 12.6, 211.365, 1677.5, 23.6, 395.89, 6.7, 112.3925, 0.6, 10.065, 1, 16.775, 0.2, 3.355, 4.7, 78.8425, 1.6, 26.84, 0.1, 1.6775, 1677.5, 1358.775, 2215.9775, 103),
(126, 6, 2015, 2, 25, 985.7142857142857, 85.71428571428571, 182.7380952380952, 15490, 9.39, 120.11375000000002, 1279.1666666666665, 23.6, 301.8833333333333, 6.7, 85.70416666666667, 0.6, 7.674999999999999, 1, 12.791666666666664, 0.2, 2.558333333333333, 4.7, 60.12083333333333, 1.6, 20.466666666666665, 0.1, 1.2791666666666666, 1279.1666666666667, 1077.18625, 1689.7791666666667, 104),
(127, 6, 2015, 4, 60, 2142.8571428571427, 357.14285714285717, 0, 35810, 18.94, 484.86400000000003, 2986.6666666666665, 23.6, 704.8533333333332, 6.7, 200.10666666666668, 0.6, 17.919999999999998, 1, 29.866666666666664, 0.2, 5.973333333333334, 4.7, 140.37333333333333, 1.6, 47.78666666666667, 0.1, 2.986666666666667, 2560, 1883.9893333333334, 3518.72, 105),
(128, 6, 2015, 4, 60, 2142.8571428571427, 357.14285714285717, 0, 35810, 18.94, 484.86400000000003, 2986.6666666666665, 0, 0, 0, 0, 0, 0, 0, 0, 0, 0, 0, 0, 0, 0, 0, 0, 2560, 2075.136, 2560, 105),
(129, 6, 2015, 2, 25, 1000, 114.28571428571429, 0, 15950, 9.39, 106.97892857142857, 1329.1666666666665, 23.6, 313.68333333333334, 6.7, 89.05416666666666, 0.6, 7.974999999999999, 1, 13.291666666666664, 0.2, 2.658333333333333, 4.7, 62.47083333333333, 1.6, 21.266666666666666, 0.1, 1.3291666666666666, 1139.2857142857142, 947.2401190476189, 1565.9482142857144, 106),
(130, 6, 2015, 2, 25, 1000, 114.28571428571429, 0, 15950, 9.39, 106.97892857142857, 1329.1666666666665, 0, 0, 0, 0, 0, 0, 0, 0, 0, 0, 0, 0, 0, 0, 0, 0, 1139.2857142857142, 1032.3067857142858, 1139.2857142857142, 106),
(131, 6, 2015, 2, 25, 1142.857142857143, 78.57142857142857, 0, 17450, 10.88, 135.61142857142858, 1454.1666666666667, 23.6, 343.18333333333334, 6.7, 97.42916666666667, 0.6, 8.725, 1, 14.541666666666668, 0.2, 2.9083333333333337, 4.7, 68.34583333333335, 1.6, 23.26666666666667, 0.1, 1.4541666666666668, 1246.4285714285716, 1017.7504761904763, 1713.2160714285717, 107),
(132, 6, 2015, 2, 25, 1142.857142857143, 78.57142857142857, 0, 17450, 10.88, 135.61142857142858, 1454.1666666666667, 0, 0, 0, 0, 0, 0, 0, 0, 0, 0, 0, 0, 0, 0, 0, 0, 1246.4285714285716, 1110.817142857143, 1246.4285714285716, 107),
(133, 6, 2015, 6, 83, 1000, 114.28571428571429, 199.54761904761904, 16762, 10.18, 142.19763333333333, 1396.8333333333333, 23.6, 329.6526666666667, 6.7, 93.58783333333332, 0.6, 8.380999999999998, 1, 13.968333333333332, 0.2, 2.7936666666666667, 4.7, 65.65116666666667, 1.6, 22.349333333333334, 0.1, 1.3968333333333334, 1396.8333333333333, 1165.2383666666665, 1845.2168333333332, 108),
(134, 6, 2015, 1, 15, 1142.857142857143, 78.57142857142857, 206.07142857142858, 17380, 10.88, 156.94400000000005, 1442.5000000000002, 23.6, 340.43000000000006, 6.7, 96.64750000000002, 0.6, 8.655000000000001, 1, 14.425000000000002, 0.2, 2.8850000000000007, 4.7, 67.79750000000001, 1.6, 23.080000000000005, 0.1, 1.4425000000000003, 1442.5000000000002, 1193.236, 1905.5425000000002, 109),
(135, 6, 2015, 3, 45, 2142.8571428571427, 357.14285714285717, 0, 35735, 18.94, 482.023, 2969.1666666666665, 23.6, 700.7233333333332, 6.7, 198.93416666666667, 0.6, 17.814999999999998, 1, 29.691666666666666, 0.2, 5.9383333333333335, 4.7, 139.55083333333334, 1.6, 47.50666666666667, 0.1, 2.9691666666666667, 2545, 1872.9503333333332, 3498.1025, 110),
(136, 6, 2015, 3, 45, 2142.8571428571427, 357.14285714285717, 0, 35735, 18.94, 482.023, 2969.1666666666665, 0, 0, 0, 0, 0, 0, 0, 0, 0, 0, 0, 0, 0, 0, 0, 0, 2545, 2062.977, 2545, 110),
(137, 6, 2015, 2, 25, 1428.5714285714287, 100, 0, 21750, 13.06, 202.8964285714286, 1812.5, 23.6, 427.75, 6.7, 121.4375, 0.6, 10.875, 1, 18.125, 0.2, 3.625, 4.7, 85.1875, 1.6, 29, 0.1, 1.8125, 1553.5714285714287, 1234.6750000000002, 2135.3839285714284, 111),
(138, 6, 2015, 2, 25, 1428.5714285714287, 100, 0, 21750, 13.06, 202.8964285714286, 1812.5, 0, 0, 0, 0, 0, 0, 0, 0, 0, 0, 0, 0, 0, 0, 0, 0, 1553.5714285714287, 1350.6750000000002, 1553.5714285714287, 111),
(139, 6, 2015, 1, 15, 857.1428571428571, 128.57142857142858, 0, 14010, 8.31, 83.15935714285715, 1167.5, 23.6, 275.53, 6.7, 78.2225, 0.6, 7.005, 1, 11.675, 0.2, 2.335, 4.7, 54.8725, 1.6, 18.68, 0.1, 1.1675, 1000.7142857142857, 842.8349285714285, 1375.4817857142857, 112),
(140, 6, 2015, 1, 15, 857.1428571428571, 128.57142857142858, 0, 14010, 8.31, 83.15935714285715, 1167.5, 0, 0, 0, 0, 0, 0, 0, 0, 0, 0, 0, 0, 0, 0, 0, 0, 1000.7142857142857, 917.5549285714285, 1000.7142857142857, 112),
(141, 6, 2015, 0, 0, 985.7142857142857, 85.71428571428571, 0, 15060, 9.39, 100.60714285714286, 1250, 23.6, 295, 6.7, 83.75, 0.6, 7.5, 1, 12.5, 0.2, 2.5, 4.7, 58.75, 1.6, 20, 0.1, 1.25, 1071.4285714285713, 890.8214285714284, 1472.6785714285713, 113),
(142, 6, 2015, 0, 0, 985.7142857142857, 85.71428571428571, 0, 15060, 9.39, 100.60714285714286, 1250, 0, 0, 0, 0, 0, 0, 0, 0, 0, 0, 0, 0, 0, 0, 0, 0, 1071.4285714285713, 970.8214285714284, 1071.4285714285713, 113),
(143, 6, 2015, 2, 25, 1428.5714285714287, 250, 283.92857142857144, 23950, 14.05, 279.24375, 1987.5, 23.6, 469.05, 6.7, 133.1625, 0.6, 11.925, 1, 19.875, 0.2, 3.975, 4.7, 93.4125, 1.6, 31.8, 0.1, 1.9875, 1987.5, 1581.05625, 2625.4875, 114),
(144, 6, 2015, 0, 0, 1000, 114.28571428571429, 0, 15600, 9.39, 104.63142857142857, 1300, 23.6, 306.8, 6.7, 87.1, 0.6, 7.8, 1, 13, 0.2, 2.6, 4.7, 61.1, 1.6, 20.8, 0.1, 1.3, 1114.2857142857142, 926.4542857142857, 1531.5857142857142, 115),
(145, 6, 2015, 0, 0, 1000, 114.28571428571429, 0, 15600, 9.39, 104.63142857142857, 1300, 0, 0, 0, 0, 0, 0, 0, 0, 0, 0, 0, 0, 0, 0, 0, 0, 1114.2857142857142, 1009.6542857142856, 1114.2857142857142, 115),
(146, 6, 2015, 0, 0, 1214.2857142857142, 178.57142857142858, 232.14285714285714, 19500, 12.08, 196.3, 1625, 23.6, 383.5, 6.7, 108.875, 0.6, 9.75, 1, 16.25, 0.2, 3.25, 4.7, 76.375, 1.6, 26, 0.1, 1.625, 1625, 1324.7, 2146.625, 116);

-- --------------------------------------------------------

--
-- Estructura de tabla para la tabla `trabajadorbbdd`
--

CREATE TABLE `trabajadorbbdd` (
  `idTrabajador` int(11) NOT NULL,
  `Nombre` varchar(50) NOT NULL DEFAULT '0',
  `Apellido1` varchar(75) NOT NULL DEFAULT '0',
  `Apellido2` varchar(75) DEFAULT '0',
  `NIFNIE` varchar(10) NOT NULL DEFAULT '0',
  `email` varchar(75) DEFAULT '0',
  `FechaAlta` date DEFAULT NULL,
  `CodigoCuenta` varchar(20) DEFAULT NULL,
  `IBAN` varchar(24) DEFAULT NULL,
  `IdEmpresa` int(11) NOT NULL DEFAULT '0',
  `IdCategoria` int(11) NOT NULL DEFAULT '0'
) ENGINE=InnoDB DEFAULT CHARSET=utf8;

--
-- Volcado de datos para la tabla `trabajadorbbdd`
--

INSERT INTO `trabajadorbbdd` (`idTrabajador`, `Nombre`, `Apellido1`, `Apellido2`, `NIFNIE`, `email`, `FechaAlta`, `CodigoCuenta`, `IBAN`, `IdEmpresa`, `IdCategoria`) VALUES
(26, 'Ramón ', 'Prieto', 'García', '00538394X', 'ramprga00@PBlankSA.es', '3896-06-01', '23221158252545471411', 'SM4423221158252545471411', 21, 197),
(27, 'Lorena', 'García', 'Pasado', '01234567L', 'lorgapa00@TecnoProyectSL.es', '3912-09-01', '20960043033000100000', 'ES8020960043033000100000', 22, 197),
(28, 'Blas', 'Nuñez', 'Blanco', '02031127C', 'blanubl00@Asoftware.es', '3900-03-01', '32658012367712548745', 'FI6132658012367712548745', 23, 201),
(29, 'Sonia', 'Sevillano', 'Gomez', '02518676S', 'sonsego00@APhonSA.es', '3914-04-01', '65645150865168448896', 'AT8365645150865168448896', 24, 201),
(30, 'Eulalia', 'Cascallana', 'Jaular', '02614035Q', 'eulcaja00@TecnoLeonSL.es', '3908-03-01', '52198484752100515144', 'ES4352198484752100515144', 25, 201),
(31, 'Germán', 'Aller', 'Bariales', '09314602Q', 'geralba00@TecnoLeonSL.es', '3911-04-01', '32569523016220165156', 'RO8832569523016220165156', 25, 202),
(32, 'Agustín', 'Benavides', 'Castro', '09458455G', 'agubeca00@PBlankSA.es', '3900-01-01', '25030000114574745458', 'AT6825030000114574745458', 21, 208),
(33, 'Rocío', 'Andrés', 'Gil', '09481741Z', 'rocangi00@APhonSA.es', '3903-12-01', '32566221522587754554', 'LT8032566221522587754554', 24, 209),
(34, 'Ismael', 'Fernández', 'Fresco', '09545570H', 'ismfefr00@TecnoLeonSL.es', '3906-11-01', '25635478321002541225', 'SM7325635478321002541225', 25, 199),
(35, 'Inés', 'Riverto', 'Fuertes', '09548150E', 'inerifu00@TecnoLeonSL.es', '3900-09-01', '32574512085411002255', 'SE6832574512085411002255', 25, 204),
(36, 'Sara', 'Sánchez', 'Asensio', '09548206D', 'sarsaas00@Asoftware.es', '3902-03-01', '12548521518742146695', 'ES9712548521518742146695', 23, 200),
(37, 'Pedro', 'Olle', 'Sutil', '09548215H', 'pedolsu00@APhonSA.es', '3897-06-01', '23652365142254222000', 'ES7223652365142254222000', 24, 208),
(38, 'Diego', 'García', 'Fresco', '09548245W', 'diegafr00@APhonSA.es', '3902-04-01', '36585214290025478551', 'GB0836585214290025478551', 24, 197),
(39, 'Bonifacio', 'Alcoba', 'Alonso', '09548247G', 'bonalal00@Asoftware.es', '3908-01-01', '31645124473461205164', 'DK7331645124473461205164', 23, 208),
(40, 'Víctor', 'Pérez', 'Pérez', '09548283V', 'vicpepe00@TecnoLeonSL.es', '3902-05-01', '21856333126985542360', 'LT9321856333126985542360', 25, 199),
(41, 'Rubén Darío', 'Álvarez', 'Fuertes', '09548287K', 'rubalfu00@PBlankSA.es', '3901-08-01', '21651484690980008984', 'ES2821651484690980008984', 21, 203),
(42, 'Nelida', 'Charro', 'Alonso', '09548290R', 'nelchal00@PBlankSA.es', '3906-05-01', '85461325251978750005', 'ES6885461325251978750005', 21, 199),
(43, 'Ana Isabel', 'Fernández', 'Alaiz', '09548295Y', 'anafeal00@TecnoLeonSL.es', '3908-08-01', '20960043043075700000', 'ES2120960043043075700000', 26, 199),
(44, 'Federico', 'Candanedo', 'Portugues', '09548317M', 'fedcapo00@TecnoProyectSL.es', '3897-03-01', '34698752714600549403', 'ES4534698752714600549403', 22, 198),
(45, 'Héctor', 'Melcón', 'Otero', '09548392B', 'hecmeot00@TecnoLeonSL.es', '3907-05-01', '32628484504115151115', 'LU0932628484504115151115', 25, 205),
(46, 'Dolores', 'Santiago', 'López', '09548416N', 'dolsalo00@Asoftware.es', '3908-07-01', '32541112811220000588', 'DK9032541112811220000588', 23, 205),
(47, 'Francisco', 'Robles', 'Dominguez', '09548443Q', 'frarodo00@TecnoLeonSL.es', '3912-08-01', '31215643855060225021', 'ES5631215643855060225021', 25, 198),
(48, 'Rosario', 'Laiz', 'Domínguez', '09548451R', 'roslado00@PBlankSA.es', '3906-01-01', '25165151118666365100', 'ES3925165151118666365100', 21, 199),
(49, 'Nieves', 'Guerra', 'Morán', '09548486J', 'niegumo00@PBlankSA.es', '3913-09-01', '33620012937852100256', 'ES1633620012937852100256', 21, 197),
(50, 'Cruz', 'Del amo', 'Flórez', '09548495E', 'crudefl00@APhonSA.es', '3914-10-01', '21654587985156484454', 'ES7521654587985156484454', 24, 198),
(51, 'Melisa', 'Castro', 'Sánchez', '09548501M', 'melcasa00@PBlankSA.es', '3897-04-01', '21508149175421346497', 'DE5021508149175421346497', 21, 209),
(52, 'Luis', 'Benito', 'Benito', '09548505D', 'luibebe00@PBlankSA.es', '3912-11-01', '15953684811254695203', 'IT8915953684811254695203', 21, 199),
(53, 'Khadouj', 'Elammary', NULL, '09548827D', 'khael00@TecnoProyectSL.es', '3911-04-01', '20910936583000000000', 'GB9720910936583000000000', 22, 199),
(54, 'Gonzalo', 'Castañeda', 'García', '09570242B', 'goncaga00@APhonSA.es', '3909-08-01', '36250012804785523365', 'CZ9536250012804785523365', 24, 197),
(55, 'Nicolás', 'Manzanares', 'Cadenas', '09570258G', 'nicmaca00@TecnoProyectSL.es', '3899-02-01', '36952365020014425254', 'PT3536952365020014425254', 22, 199),
(56, 'Abel', 'González', 'Río', '09570262P', 'abegori00@TecnoProyectSL.es', '3896-06-01', '44875664127231645789', 'ES8244875664127231645789', 22, 202),
(57, 'Casimiro', 'González', 'Alonso', '09570285P', 'casgoal00@APhonSA.es', '3915-03-01', '36154231712500312566', 'ES1436154231712500312566', 24, 206),
(58, 'Sergio', 'Sutil', 'Sánchez', '09611066X', 'sersusa00@TecnoLeonSL.es', '3908-10-01', '99558741836555551120', 'HU2399558741836555551120', 25, 205),
(59, 'Demetrio', 'Aller', 'Castrillo', '09611071S', 'demalca00@Asoftware.es', '3910-11-01', '65614874165615445616', 'ES8265614874165615445616', 23, 201),
(60, 'Armando', 'Bienvenido', 'García', '09611076C', 'armbiga00@TecnoProyectSL.es', '3911-02-01', '20960043023096200000', 'ES9020960043023096200000', 22, 202),
(61, 'Laura', 'García', 'Prieto', '09611087P', 'laugapr00@TecnoLeonSL.es', '3912-06-01', '01826530120201560000', 'ES9001826530120201560000', 26, 208),
(62, 'Gabriel', 'Alvarez', 'Moral', '09611099C', 'gabalmo00@Asoftware.es', '3910-05-01', '20125003305201112544', 'GR9420125003305201112544', 23, 205),
(63, 'Concepción', 'Cabeza', 'Quintanilla', '09611100K', 'concaqu00@Asoftware.es', '3909-10-01', '25516848021156151054', 'ES0425516848021156151054', 23, 197),
(64, 'Marisa', 'Chen', 'Cedron', '09626048L', 'marchce00@TecnoProyectSL.es', '3913-11-01', '24587946032003165464', 'FI5024587946032003165464', 22, 208),
(65, 'Julio Pedro', 'Otero', 'Fernández', '09632539R', 'julotfe00@APhonSA.es', '3911-08-01', '32584216971684051000', 'ES9232584216971684051000', 24, 197),
(66, 'Consuelo', 'Francisco', 'López', '09632873J', 'confrlo00@APhonSA.es', '3909-05-01', '20008521528775113366', 'GB5520008521528775113366', 24, 210),
(67, 'Bernardo', 'Chamorro', 'Castellanos', '09634700T', 'berchca00@TecnoProyectSL.es', '3901-09-01', '96536214865214585214', 'ES2396536214865214585214', 22, 198),
(68, 'Eugenio', 'Gallego', 'Álvarez', '09640671Z', 'euggaal00@APhonSA.es', '3905-02-01', '20036525257451152165', 'ES8220036525257451152165', 24, 202),
(69, 'Ana Belén', 'Prieto', 'Marín', '09671968P', 'anaprma00@Asoftware.es', '3901-08-01', '31245164156597845124', 'ES7631245164156597845124', 23, 197),
(70, 'Braulio', 'Feliz', 'Pisabarro', '09685088H', 'brafepi00@TecnoProyectSL.es', '3914-11-01', '22631245526916432102', 'DE7822631245526916432102', 22, 205),
(71, 'Felix', 'Gomara', 'Iban', '09689676Y', 'felgoib00@TecnoLeonSL.es', '3910-04-01', '31624561042546920007', 'ES6931624561042546920007', 25, 202),
(72, 'Mauro', 'Belerda', 'Aparicio', '09706118A', 'maubeap00@PBlankSA.es', '3909-02-01', '96431245118150005156', 'ES9596431245118150005156', 21, 207),
(73, 'Clementina', 'Montiel', 'Martínes', '09714235R', 'clemoma00@APhonSA.es', '3911-05-01', '63516541828944000984', 'ES8163516541828944000984', 24, 200),
(74, 'Cristina', 'Salas', 'Benavides', '09719898Y', 'crisabe00@Asoftware.es', '3902-07-01', '26221011628048788896', 'ES7426221011628048788896', 23, 202),
(75, 'Andrés', 'Getino', 'Serrano', '09724050H', 'andgese00@Asoftware.es', '3907-10-01', '12548523465214585214', 'ES9012548523465214585214', 23, 208),
(76, 'Emiliano', 'Castro', 'Puente', '09738010V', 'emicapu00@Asoftware.es', '3901-12-01', '22515651915640081000', 'AT3122515651915640081000', 23, 203),
(77, 'Carolina', 'Mielgo', 'Gutierrez', '09741138V', 'carmigu00@TecnoProyectSL.es', '3914-04-01', '32562000145478520015', 'ES5032562000145478520015', 22, 203),
(78, 'Antonio', 'Bueno', 'García', '09741995T', 'antbuga00@TecnoLeonSL.es', '3909-04-01', '20960043032159000000', 'ES3720960043032159000000', 25, 197),
(79, 'Francisco', 'Robles', 'Alonso', '09743327K', 'fraroal00@TecnoLeonSL.es', '3900-08-01', '20960043013468900000', 'ES4420960043013468900000', 26, 197),
(80, 'Tomás', 'Rodríguez', 'García', '09749147E', 'tomroga00@TecnoLeonSL.es', '3909-08-01', '85550564726165145610', 'AT3285550564726165145610', 25, 202),
(81, 'Serafín', 'Carro', 'Fuertes', '09758365V', 'sercafu00@TecnoLeonSL.es', '3902-12-01', '23185484465641685100', 'FR5623185484465641685100', 25, 208),
(82, 'María', 'Calleja', 'Vega', '09769669M', 'marcave00@PBlankSA.es', '3898-06-01', '64578946740051516490', 'PT5764578946740051516490', 21, 202),
(83, 'Cecilia', 'Perez', 'García', '09771193B', 'cecpega00@Asoftware.es', '3913-12-01', '95485212315484010000', 'ES7395485212315484010000', 23, 197),
(84, 'Oscar', 'Márquez', 'Blanco', '09779285F', 'oscmabl00@APhonSA.es', '3896-11-01', '65168874641561561500', 'ES9565168874641561561500', 24, 202),
(85, 'Elaio', 'Cabero', 'Guerra', '09779552K', 'elacagu00@Asoftware.es', '3901-12-01', '12121455556115515151', 'FI9012121455556115515151', 23, 207),
(86, 'Miguel', 'De la puente', 'Alonso', '09784112G', 'migdeal00@TecnoProyectSL.es', '3900-02-01', '20960043042158800000', 'ES8220960043042158800000', 22, 206),
(87, 'Clotilde', 'Rodríguez', 'Labarga', '09785530L', 'clorola00@APhonSA.es', '3905-04-01', '65165654918886005001', 'ES1665165654918886005001', 24, 203),
(88, 'Soledad', 'Arias', 'Diez', '09786363R', 'solardi00@APhonSA.es', '3909-03-01', '23215465315456411515', 'EE8623215465315456411515', 24, 199),
(89, 'Miguel Ángel', 'Morala', 'Bernal', '09806572Q', 'migmobe00@TecnoProyectSL.es', '3915-04-01', '23658965274585223202', 'ES6223658965274585223202', 22, 206),
(90, 'Hugo', 'Echevarria', 'Almanzar', '09810142K', 'hugecal00@TecnoLeonSL.es', '3909-12-01', '66552211148855332200', 'ES5566552211148855332200', 25, 210),
(91, 'Justina', 'Martínez', 'García', '10575307E', 'jusmaga00@APhonSA.es', '3906-06-01', '21416325811510005514', 'ES7221416325811510005514', 24, 198),
(92, 'Israel', 'Alonso', 'Rodríguez', '10940987W', 'isralro00@TecnoLeonSL.es', '3904-05-01', '36520125638451012515', 'MC6436520125638451012515', 25, 203),
(93, 'Adolfo', 'Bayon', 'Blanco', '12160221Y', 'adobabl00@PBlankSA.es', '3906-02-01', '25894363475485700145', 'SM2125894363475485700145', 21, 197),
(94, 'Iván', 'Carpintero', 'Cepin', '12649208J', 'ivacace00@PBlankSA.es', '3904-08-01', '66649444162310000255', 'ES2766649444162310000255', 21, 198),
(95, 'José Antonio', 'Cerro', 'Ponga', '12684218V', 'joscepo00@TecnoProyectSL.es', '3907-09-01', '23164897642213030615', 'ES4723164897642213030615', 22, 202),
(96, 'Montserrat', 'Cembranos', 'Lombás', '24304263W', 'moncelo00@TecnoLeonSL.es', '3909-11-01', '21346154503164978451', 'DE6721346154503164978451', 25, 205),
(97, 'Marta', 'Coello ', 'Castro', '24571671N', 'marcoca00@TecnoProyectSL.es', '3906-10-01', '20960043073071400000', 'ES5020960043073071400000', 22, 210),
(98, 'Elisa', 'Fidalgo', 'Martínez', '71393352H', 'elifima00@APhonSA.es', '3915-01-01', '36521452736500658485', 'GR3836521452736500658485', 24, 210),
(99, 'Generoso', 'Soto', 'Sánchez', '71393354C', 'gensosa00@TecnoLeonSL.es', '3914-09-01', '26551681807651415636', 'IT3526551681807651415636', 25, 200),
(100, 'Julio Ernesto', 'Gutierrez', 'López', '71393396Q', 'julgulo00@APhonSA.es', '3909-11-01', '33218885441445121022', 'ES1933218885441445121022', 24, 208),
(101, 'Diana', 'Fidalgo', 'Fernández', '71393411P', 'diafife00@APhonSA.es', '3907-08-01', '32154697195423121000', 'ES6832154697195423121000', 24, 202),
(102, 'Carlos', 'Pardo', 'De la fuente', '71393419Q', 'carpade00@Asoftware.es', '3901-06-01', '55065688761051056105', 'ES6855065688761051056105', 23, 198),
(103, 'Carmen', 'Diez', 'López', '71404623L', 'cardilo00@Asoftware.es', '3906-05-01', '51651681961210656510', 'ES3251651681961210656510', 23, 202),
(104, 'Elena', 'García', 'García', '71404625K', 'elegaga00@Asoftware.es', '3906-07-01', '21651651812511133551', 'ES9021651651812511133551', 23, 206),
(105, 'Marta', 'Almarza', 'García', '71404629W', 'maralga00@TecnoProyectSL.es', '3903-03-01', '24561937521546497521', 'DE7424561937521546497521', 22, 210),
(106, 'Daniel', 'Herreras', 'Domingo', '71406027C', 'danhedo00@Asoftware.es', '3907-05-01', '62581542713690044508', 'ES8462581542713690044508', 23, 198),
(107, 'Clara', 'Presa', 'Álvarez', '71425232C', 'clapral00@Asoftware.es', '3908-10-01', '36245978133245679001', 'ES5736245978133245679001', 23, 208),
(108, 'Mario', 'Cabero', 'Iglesias', '71597570L', 'marcaig00@TecnoProyectSL.es', '3896-07-01', '56187775315550000651', 'ES2956187775315550000651', 22, 198),
(109, 'Dorina', 'Bueno', 'González', '71609083D', 'dorbugo00@Asoftware.es', '3909-07-01', '12669681115112121210', 'DE5512669681115112121210', 23, 208),
(110, 'Rosa', 'Galán', 'Amo', '71878948S', 'rosgaam00@TecnoLeonSL.es', '3903-07-01', '51651487910005118185', 'ES6851651487910005118185', 25, 210),
(111, 'Vittorio', 'Baglione', NULL, 'X1673150S', 'vitba00@TecnoProyectSL.es', '3907-03-01', '00750184310702510000', 'BE9400750184310702510000', 22, 207),
(112, 'Saaida', 'Bouzidi', NULL, 'X5106131Q', 'saabo00@TecnoProyectSL.es', '3911-05-01', '20910936583000000000', 'GR4920910936583000000000', 22, 197),
(113, 'Souad', 'Elbada', NULL, 'X8996448K', 'souel00@Asoftware.es', '3912-10-01', '01821135910205540000', 'DE9301821135910205540000', 23, 206),
(114, 'Salah', 'Saham', NULL, 'X9924125Q', 'salsa00@TecnoLeonSL.es', '3906-09-01', '20960043043554600000', 'ES3520960043043554600000', 26, 203),
(115, 'Latifa', 'Boughaza', NULL, 'Y0806930N', 'latbo00@Asoftware.es', '3914-11-01', '00750184310702510000', 'DK5800750184310702510000', 23, 198),
(116, 'Alencar', 'Alves', 'Lidiane', 'Y1337652D', 'alealli00@TecnoProyectSL.es', '3913-01-01', '20960043043554600000', 'FI5620960043043554600000', 22, 202);

--
-- Índices para tablas volcadas
--

--
-- Indices de la tabla `categorias`
--
ALTER TABLE `categorias`
  ADD PRIMARY KEY (`IdCategoria`);

--
-- Indices de la tabla `empresas`
--
ALTER TABLE `empresas`
  ADD PRIMARY KEY (`IdEmpresa`);

--
-- Indices de la tabla `nomina`
--
ALTER TABLE `nomina`
  ADD PRIMARY KEY (`IdNomina`),
  ADD KEY `FK_Trabaajador` (`IdTrabajador`);

--
-- Indices de la tabla `trabajadorbbdd`
--
ALTER TABLE `trabajadorbbdd`
  ADD PRIMARY KEY (`idTrabajador`),
  ADD KEY `FK_Empresa` (`IdEmpresa`),
  ADD KEY `FK_Categorias` (`IdCategoria`);

--
-- AUTO_INCREMENT de las tablas volcadas
--

--
-- AUTO_INCREMENT de la tabla `categorias`
--
ALTER TABLE `categorias`
  MODIFY `IdCategoria` int(11) NOT NULL AUTO_INCREMENT, AUTO_INCREMENT=211;

--
-- AUTO_INCREMENT de la tabla `empresas`
--
ALTER TABLE `empresas`
  MODIFY `IdEmpresa` int(11) NOT NULL AUTO_INCREMENT, AUTO_INCREMENT=27;

--
-- AUTO_INCREMENT de la tabla `nomina`
--
ALTER TABLE `nomina`
  MODIFY `IdNomina` int(11) NOT NULL AUTO_INCREMENT, AUTO_INCREMENT=147;

--
-- AUTO_INCREMENT de la tabla `trabajadorbbdd`
--
ALTER TABLE `trabajadorbbdd`
  MODIFY `idTrabajador` int(11) NOT NULL AUTO_INCREMENT, AUTO_INCREMENT=117;

--
-- Restricciones para tablas volcadas
--

--
-- Filtros para la tabla `nomina`
--
ALTER TABLE `nomina`
  ADD CONSTRAINT `FK_Trabaajador` FOREIGN KEY (`IdTrabajador`) REFERENCES `trabajadorbbdd` (`idTrabajador`);

--
-- Filtros para la tabla `trabajadorbbdd`
--
ALTER TABLE `trabajadorbbdd`
  ADD CONSTRAINT `FK_Categorias` FOREIGN KEY (`IdCategoria`) REFERENCES `categorias` (`IdCategoria`),
  ADD CONSTRAINT `FK_Empresa` FOREIGN KEY (`IdEmpresa`) REFERENCES `empresas` (`IdEmpresa`);
COMMIT;

/*!40101 SET CHARACTER_SET_CLIENT=@OLD_CHARACTER_SET_CLIENT */;
/*!40101 SET CHARACTER_SET_RESULTS=@OLD_CHARACTER_SET_RESULTS */;
/*!40101 SET COLLATION_CONNECTION=@OLD_COLLATION_CONNECTION */;
